a0NE000000HIz6QMAT, , chechu9026@hotmail.com, , , 
a0NE000000HIz6QMAT, , chechu9026@hotmail.com, , , 
a0NE000000HIz6QMAT, , chechu9026@hotmail.com, , , 
a0NE000000HIz6QMAT, , chechu9026@hotmail.com, , , 
a0NE000000HIz6VMAT, , chechu9026@hotmail.com, , , 
a0NE000000HIz6VMAT, , chechu9026@hotmail.com, , , 
a0NE000000HIz6VMAT, , chechu9026@hotmail.com, , , 
a0NE000000HIz6VMAT, , chechu9026@hotmail.com, , , 
a0NE000000HIz6VMAT, , chechu9026@hotmail.com, , , 
a0NE000000HIz6VMAT, , chechu9026@hotmail.com, , , 
a0NE000000HIPj6MAH, , victoriamariana@gmail.com, , , 
a0NE000000HIPj6MAH, , victoriamariana@gmail.com, , , 
a0NE000000HIPj6MAH, , victoriamariana@gmail.com, , , 
, , , , , 
, , , , , 
bett.f@hotmail.com, a0NE000000HIPj6MAH
bett.f@hotmail.com, a0NE000000HIPj6MAH
bett.f@hotmail.com, a0NE000000HJ0VjMAL
bett.f@hotmail.com, a0NE000000HJ0VjMAL
bett.f@hotmail.com, a0NE000000HJ0VjMAL
pa_me_lau@hotmail.com, a0NE000000HJBhEMAX
pa_me_lau@hotmail.com, a0NE000000HJJ5KMAX
sergio_pergo_11@hotmail.com, a0NE000000HIPj1MAH
sergio_pergo_11@hotmail.com, a0NE000000HIPj1MAH
manuelitadiez@gmail.com, a0NE000000HJ0UHMA1
manuelitadiez@gmail.com, a0NE000000HJ0UHMA1
manuelitadiez@gmail.com, a0NE000000HJ0VjMAL
manuelitadiez@gmail.com, a0NE000000HJ0VjMAL
jorgelina_20_11@hotmail.com, a0NE000000HJLqfMAH
jorgelina_20_11@hotmail.com, a0NE000000HJLqLMAX
jorgelina_20_11@hotmail.com, a0NE000000HJLqLMAX
eliana.silva89@gmail.com, a0NE000000HJ0UHMA1
eliana.silva89@gmail.com, a0NE000000HJ0UMMA1
eliana.silva89@gmail.com, a0NE000000HJ0VjMAL
lisaneri10@gmail.com, a0NE000000HJ0VjMAL
lisaneri10@gmail.com, a0NE000000HJ0VjMAL
lisaneri10@gmail.com, a0NE000000HJ0UHMA1
lisaneri10@gmail.com, a0NE000000HJ0UMMA1
lisaneri10@gmail.com, a0NE000000HJ0VjMAL
lisaneri10@gmail.com, a0NE000000HJ0UHMA1
lisaneri10@gmail.com, a0NE000000HJ0UMMA1
lisaneri10@gmail.com, a0NE000000HIPj1MAH
lisaneri10@gmail.com, a0NE000000HIPj6MAH
lisaneri10@gmail.com, a0NE000000HIPjBMAX
lisaneri10@gmail.com, a0NE000000HJ0VjMAL
lisaneri10@gmail.com, a0NE000000HJ0VjMAL
lisaneri10@gmail.com, a0NE000000HJ0VjMAL
lisaneri10@gmail.com, a0NE000000HJ0VjMAL
lisaneri10@gmail.com, a0NE000000HJ0VjMAL
vibrion_colerico@hotmail.com, a0NE000000HJ0VjMAL
vibrion_colerico@hotmail.com, a0NE000000HJ0VjMAL
lisaneri10@gmail.com, a0NE000000HJ0VjMAL
lisaneri10@gmail.com, a0NE000000HJ0VjMAL
lisaneri10@gmail.com, a0NE000000HJ0VjMAL
lisaneri10@gmail.com, a0NE000000HJ0VjMAL
lisaneri10@gmail.com, a0NE000000HJ0VjMAL
, 
silvipat@hotmail.com, a0NE000000HJLqfMAH
silvipat@hotmail.com, a0NE000000HJLqfMAH
silvipat@hotmail.com, a0NE000000HJLqpMAH
silvipat@hotmail.com, a0NE000000HJLqpMAH
silvipat@hotmail.com, a0NE000000HJLqpMAH
silvipat@hotmail.com, a0NE000000HJLqVMAX
silvipat@hotmail.com, a0NE000000HJLqVMAX
silvipat@hotmail.com, a0NE000000HJLqVMAX
silvipat@hotmail.com, a0NE000000HJLqVMAX
silvipat@hotmail.com, a0NE000000HJLqVMAX
maribel.l.olguin@gmail.com, a0NE000000HJJ5PMAX
maribel.l.olguin@gmail.com, a0NE000000HJJ5PMAX
maribel.l.olguin@gmail.com, a0NE000000HJQ0aMAH
maribel.l.olguin@gmail.com, a0NE000000HIPjBMAX
, 
, 
, 
ariel.grangetto@gmail.com, a0NE000000HJlFGMA1
ariel.grangetto@gmail.com, a0NE000000HJlFGMA1
ariel.grangetto@gmail.com, a0NE000000HJlFGMA1
ariel.grangetto@gmail.com, a0NE000000HJlFGMA1
mari_orozco114@hotmail.com, a0NE000000HJ0UMMA1
mari_orozco114@hotmail.com, a0NE000000HJ0UMMA1
mari_orozco114@hotmail.com, a0NE000000HJ0UMMA1
virginiacdp.cp@gmail.com, a0NE000000HJQ0fMAH
virginiacdp.cp@gmail.com, a0NE000000HJQ0fMAH
virginiacdp.cp@gmail.com, a0NE000000HJQ0fMAH
belenferrari3@gmail.com, a0NE000000HJqZrMAL
belenferrari3@gmail.com, a0NE000000HJqZmMAL
kq.rivadeneira@gmail.com, a0NE000000HJlFGMA1
belenferrari3@gmail.com, a0NE000000HJqZrMAL
rkljenak@gmail.com, a0NE000000HJwH9MAL
rkljenak@gmail.com, a0NE000000HJwH9MAL
nes1284@gmail.com, a0NE000000HK79LMAT
nes1284@gmail.com, a0NE000000HK79LMAT
nes1284@gmail.com, a0NE000000HK79LMAT
nes1284@gmail.com, a0NE000000HJwHJMA1
nes1284@gmail.com, a0NE000000HJwHJMA1
nes1284@gmail.com, a0NE000000HJwHJMA1
nes1284@gmail.com, a0NE000000HJwHJMA1
ritasor@hotmail.com, a0NE000000HJjzmMAD
marianaguemes@gmail.com, a0NE000000HJQ0fMAH
marianaguemes@gmail.com, a0NE000000HJQ0fMAH
marianaguemes@gmail.com, a0NE000000HJQ0kMAH
anto.fontana@hotmail.com, a0NE000000HJQ0kMAH
anto.fontana@hotmail.com, a0NE000000HJQ0kMAH
anto.fontana@hotmail.com, a0NE000000HJQ0kMAH
lanussemarcos@hotmail.com, a0NE000000HJqZwMAL
lanussemarcos@hotmail.com, a0NE000000HJqZwMAL
lanussemarcos@hotmail.com, a0NE000000HJqZwMAL
, 
julietarodriguezba@gmail.com, a0NE000000I9O8VMAV
julietarodriguezba@gmail.com, a0NE000000I9O8VMAV
julietarodriguezba@gmail.com, a0NE000000I9O8VMAV
julietarodriguezba@gmail.com, a0NE000000I9O8VMAV
julietarodriguezba@gmail.com, a0NE000000I9O8VMAV
julietarodriguezba@gmail.com, a0NE000000I9O8VMAV
altamiranolau@gmail.com, a0NE000000I9O8VMAV
altamiranolau@gmail.com, a0NE000000I9O8VMAV
altamiranolau@gmail.com, a0NE000000I9O8VMAV
altamiranolau@gmail.com, a0NE000000I9O8VMAV
altamiranolau@gmail.com, a0NE000000I9O8VMAV
solarguindegui@yahoo.com.ar, a0NE000000HJQ0pMAH
mgrasso91@hotmail.com, a0NE000000I8pglMAB
mgrasso91@hotmail.com, a0NE000000I8pglMAB
mgrasso91@hotmail.com, a0NE000000I8pgqMAB
grewagner@hotmail.com, a0NE000000IBmZ8MAL
gisela.traviesasfranco@gmail.com, a0NE000000IBmYyMAL
gisela.traviesasfranco@gmail.com, a0NE000000IBmZ8MAL
gisela.traviesasfranco@gmail.com, a0NE000000IBmZ8MAL
gisela.traviesasfranco@gmail.com, a0NE000000IBmYyMAL
sil_rossetti@hotmail.com, a0NE000000IBmZ8MAL
sil_rossetti@hotmail.com, a0NE000000IBmZ8MAL
sil_rossetti@hotmail.com, a0NE000000IBmZ8MAL
sil_rossetti@hotmail.com, a0NE000000IBmZ8MAL
julietarodriguezba@gmail.com, a0NE000000IYkQGMA1
giselleapo2@gmail.com, a0NE000000IYkQGMA1
giselleapo2@gmail.com, a0NE000000IYkQ6MAL
giselleapo2@gmail.com, a0NE000000IYkQGMA1
maca_jarsun@hotmail.com, a0NE000000IZ1rgMAD
maca_jarsun@hotmail.com, a0NE000000IZ1rgMAD
maca_jarsun@hotmail.com, a0NE000000IZ1rgMAD
sirley_hasm@hotmail.com, a0NE000000IZ1rbMAD
sirley_hasm@hotmail.com, a0NE000000IZ1rbMAD
sirley_hasm@hotmail.com, a0NE000000IZ1rbMAD
sirley_hasm@hotmail.com, a0NE000000IZ1rbMAD
sirley_hasm@hotmail.com, a0NE000000IZ1rbMAD
sirley_hasm@hotmail.com, a0NE000000IZ1rbMAD
sirley_hasm@hotmail.com, a0NE000000IZ1rbMAD
sirley_hasm@hotmail.com, a0NE000000IZ1rbMAD
sirley_hasm@hotmail.com, a0NE000000IZ1rbMAD
sirley_hasm@hotmail.com, a0NE000000IZ1rbMAD
sirley_hasm@hotmail.com, a0NE000000IZ1rbMAD
yisel.recalde@gmail.com, a0NE000000IZeI2MAL
yisel.recalde@gmail.com, a0NE000000IZeI2MAL
yisel.recalde@gmail.com, a0NE000000IZeI2MAL
yisel.recalde@gmail.com, a0NE000000IZeI2MAL
merch_15@hotmail.com, a0NE000000IZ1rbMAD
merch_15@hotmail.com, a0NE000000IZ1rbMAD
merch_15@hotmail.com, a0NE000000IZ1rbMAD
merch_15@hotmail.com, a0NE000000IZz9GMAT
merch_15@hotmail.com, a0NE000000IZ1rbMAD
merch_15@hotmail.com, a0NE000000IZ1rbMAD
merch_15@hotmail.com, a0NE000000IZz9GMAT
merch_15@hotmail.com, a0NE000000IZz9GMAT
merch_15@hotmail.com, a0NE000000IZ1rbMAD
merch_15@hotmail.com, a0NE000000IZ1rbMAD
merch_15@hotmail.com, a0NE000000IZ1rbMAD
paulaozan@hotmail.com, a0NE000000IZkkkMAD
paulaozan@hotmail.com, a0NE000000IZkkkMAD
paulaozan@hotmail.com, a0NE000000IZkkkMAD
arq.mpsa@gmail.com, a0NE000000Hu9kyMAB
arq.mpsa@gmail.com, a0NE000000Hu9kyMAB
arq.mpsa@gmail.com, a0NE000000Hu9kyMAB
arq.mpsa@gmail.com, a0NE000000Hu9kyMAB
arq.mpsa@gmail.com, a0NE000000Hu9kyMAB
ing.adrianrodriguez@gmail.com, a0NE000000IZzCUMA1
ing.adrianrodriguez@gmail.com, a0NE000000IZzCUMA1
maricelmedeot@hotmail.com, a0NE000000HunB3MAJ
maricelmedeot@hotmail.com, a0NE000000HunB3MAJ
maricelmedeot@hotmail.com, a0NE000000HunB3MAJ
ccastillososa@gmail.com, a0NE000000HuwF7MAJ
ccastillososa@gmail.com, a0NE000000HuwF7MAJ
ccastillososa@gmail.com, a0NE000000HuwFCMAZ
ccastillososa@gmail.com, a0NE000000HuwF7MAJ
ccastillososa@gmail.com, a0NE000000HuwF7MAJ
amnerislopez_leon@hotmail.com, a0NE000000Hv3mPMAR
amnerislopez_leon@hotmail.com, a0NE000000Hv3mPMAR
anto_90_5@hotmail.com, a0NE000000HvjsLMAR
anto_90_5@hotmail.com, a0NE000000HvjsLMAR
yanigallardo@hotmail.com, a0NE000000IwrY7MAJ
yanigallardo@hotmail.com, a0NE000000IwrY7MAJ
yanigallardo@hotmail.com, a0NE000000IwrXYMAZ
yanigallardo@hotmail.com, a0NE000000IwrY7MAJ
yanigallardo@hotmail.com, a0NE000000IwrY7MAJ
yanigallardo@hotmail.com, a0NE000000IwrXYMAZ
maurorussimartin@gmail.com, a0NE000000IxWBzMAN
alejandrabillordo@hotmail.com, a0NE000000IxWD7MAN
alejandrabillordo@hotmail.com, a0NE000000IxWD7MAN
alejandrabillordo@hotmail.com, a0NE000000IxWD7MAN
alejandrabillordo@hotmail.com, a0NE000000IxhEEMAZ
flavia_nieto@hotmail.com, a0NE000000IwrXYMAZ
flavia_nieto@hotmail.com, a0NE000000IwrY7MAJ
estefig_w@hotmail.com, a0NE000000Iy6FbMAJ
estefig_w@hotmail.com, a0NE000000Iy6FbMAJ
estefig_w@hotmail.com, a0NE000000Iy6FqMAJ
nardiwood@hotmail.com, a0NE000000Iy6FbMAJ
nardiwood@hotmail.com, a0NE000000IyRAPMA3
estefig_w@hotmail.com, a0NE000000Iy6FbMAJ
estefig_w@hotmail.com, a0NE000000Iy6FbMAJ
estefig_w@hotmail.com, a0NE000000Iy6FbMAJ
vsgaribaldi@hotmail.com, a0NE000000IxWE0MAN
vsgaribaldi@hotmail.com, a0NE000000IxWE0MAN
estefig_w@hotmail.com, a0NE000000Iy6FbMAJ
estefig_w@hotmail.com, a0NE000000IyRAPMA3
paulasolpilotti@hotmail.com.ar, a0NE000000Iy6FbMAJ
paulasolpilotti@hotmail.com.ar, a0NE000000Iy6FbMAJ
, 
ljscrinzi@gmail.com, a0NE000000IxWE0MAN
ljscrinzi@gmail.com, a0NE000000IxWE0MAN
ljscrinzi@gmail.com, a0NE000000IxWE0MAN
vivi.100490@gmail.com, a0NE000000IyletMAB
vivi.100490@gmail.com, a0NE000000IyletMAB
vivi.100490@gmail.com, a0NE000000IylejMAB
angelinaolmos@gmail.com, a0NE000000Iy6FbMAJ
angelinaolmos@gmail.com, a0NE000000Iy6FbMAJ
angelinaolmos@gmail.com, a0NE000000Iy6FqMAJ
angelinaolmos@gmail.com, a0NE000000Iy6FqMAJ
agustinaniclis@gmail.com, a0NE000000IyRAPMA3
ljscrinzi@gmail.com, a0NE000000IylWQMAZ
ljscrinzi@gmail.com, a0NE000000IylWQMAZ
geofsanchez@gmail.com, a0NE000000IyletMAB
geofsanchez@gmail.com, a0NE000000IylejMAB
geofsanchez@gmail.com, a0NE000000IyletMAB
geofsanchez@gmail.com, a0NE000000IyletMAB
geofsanchez@gmail.com, a0NE000000IyletMAB
fgadaianamartin@gmail.com, a0NE000000Iyv0vMAB
fgadaianamartin@gmail.com, a0NE000000Iyv0vMAB
fgadaianamartin@gmail.com, a0NE000000Iyv0vMAB
fgadaianamartin@gmail.com, a0NE000000Iyv0qMAB
fgadaianamartin@gmail.com, a0NE000000Iyv0vMAB
fgadaianamartin@gmail.com, a0NE000000Iyv0qMAB
fgadaianamartin@gmail.com, a0NE000000Iyv0vMAB
fgadaianamartin@gmail.com, a0NE000000Iyv0vMAB
lena-schneider@hotmail.com, a0NE000000IzQC4MAN
lena-schneider@hotmail.com, a0NE000000IzQC4MAN
lena-schneider@hotmail.com, a0NE000000Iyv0vMAB
lena-schneider@hotmail.com, a0NE000000IzQC4MAN
lena-schneider@hotmail.com, a0NE000000IzQC4MAN
cecivittar@gmail.com, a0NE000000Izp3fMAB
cecivittar@gmail.com, a0NE000000Izp3fMAB
cecivittar@gmail.com, a0NE000000Izp3fMAB
mailennavarro@gmail.com, a0NE000000Izp3fMAB
mailennavarro@gmail.com, a0NE000000Izp3fMAB
mailennavarro@gmail.com, a0NE000000Iyv0qMAB
viksantagada@gmail.com, a0NE000000JDeRUMA1
viksantagada@gmail.com, a0NE000000JDeRUMA1
pablodiscianni@gmail.com, a0NE000000JDeNSMA1
postulantesfalsos@ensenaporargentina.org, a0NE000000KyU7PMAV
postulantesfalsos@ensenaporargentina.org, a0NE000000KyU7PMAV
postulantesfalsos@ensenaporargentina.org, a0NE000000KyU7PMAV
postulantesfalsos@ensenaporargentina.org, a0NE000000KyU7PMAV
postulantesfalsos@ensenaporargentina.org, a0NE000000KyU7PMAV
postulantesfalsos@ensenaporargentina.org, a0NE000000KyUolMAF
postulantesfalsos@ensenaporargentina.org, a0NE000000KyUolMAF
postulantesfalsos@ensenaporargentina.org, a0NE000000KyUolMAF
postulantesfalsos@ensenaporargentina.org, a0NE000000KyUqIMAV
postulantesfalsos@ensenaporargentina.org, a0NE000000KyUolMAF
postulantesfalsos@ensenaporargentina.org, a0NE000000KyUxdMAF
raul@winguweb.org, a0NE000000KyUdOMAV
roldan21@gmail.com, a0NE000000KyU0gMAF
roldan21@gmail.com, a0NE000000KyU0gMAF
roldan21@gmail.com, a0NE000000KyUdOMAV
roldan21@gmail.com, a0NE000000KyU0gMAF
roldan21@gmail.com, a0NE000000KyUdOMAV
roldan21@gmail.com, a0NE000000KyUdOMAV
postulantesfalsos@ensenaporargentina.org, a0NE000000KyVCiMAN
roldan21@gmail.com, a0NE000000KyUdOMAV
postulantesfalsos@ensenaporargentina.org, a0NE000000KyUxdMAF
postulantesfalsos@ensenaporargentina.org, a0NE000000KyVCiMAN
raul@winguweb.org, a0NE000000KyUdOMAV
